title,company,location,link
Cloud Engineer - Where GovTech and FinTech Meet,PayIt,"Kansas City, MO",https://stackoverflow.com/jobs/555453
"Senior Software Engineer, Backend (Healthtech, Remote Options, Equity)",WELL Health Inc.,"Los Angeles, CA",https://stackoverflow.com/jobs/549971
Lead Software Engineer (m/f/div),Elinvar GmbH,"Berlin, Germany",https://stackoverflow.com/jobs/555842
Software Engineering Manager (m/f/div),Elinvar GmbH,"Berlin, Germany",https://stackoverflow.com/jobs/554683
"Software Engineering-Java, HTML, Javascript, CSS, Angular","JPMorgan Chase Bank, N.A.","Plano, TX",https://stackoverflow.com/jobs/554632
Senior Backend Engineer (m/f/div),Elinvar GmbH,"Berlin, Germany",https://stackoverflow.com/jobs/548851
(Senior) Frontend Engineer – React.js (m/f/div),Elinvar GmbH,"Berlin, Germany",https://stackoverflow.com/jobs/548854
SAP-Anwendungsentwickler (m/w/div.),Schütz GmbH & Co. KGaA,"Selters(Westerwald), Deutschland",https://stackoverflow.com/jobs/551321
SAP-Basis Administrator (m/w/div.),Schütz GmbH & Co. KGaA,"Selters(Westerwald), Deutschland",https://stackoverflow.com/jobs/551323
Fullstack Web Developer (m/w/d) - JAVA / HTML / CSS,CTS EVENTIM AG & Co. KG aA,"Bremen, Deutschland",https://stackoverflow.com/jobs/531044
Software Developer - Full Stack,Intelliware Development Inc.,No office location,https://stackoverflow.com/jobs/535340
Full Stack Developer,Mimacom,"Denver, CO",https://stackoverflow.com/jobs/556133
[REMOTE] Product Manager in remote-first browser games company,Crazy Games,No office location,https://stackoverflow.com/jobs/543542
Technical Director,Intelliware Development Inc.,No office location,https://stackoverflow.com/jobs/555744
Senior Laravel / VUE Developer (Remote),Curotec,No office location,https://stackoverflow.com/jobs/533450
"Senior Software Engineer - Full-stack (Python, React)",Invitae Corporation,No office location,https://stackoverflow.com/jobs/522534
Cloud Automation Engineer (m/w/d),Mimacom,"Stuttgart, Deutschland",https://stackoverflow.com/jobs/551994
Senior Software Engineer,Leverege,"Rockville, MD",https://stackoverflow.com/jobs/468965
Software Engineer - Hypergrowth Biotech startup helping dogs!,Embark Veterinary Inc.,"Boston, MA",https://stackoverflow.com/jobs/526658
Research Software Engineer,STFC,"Warrington, UK",https://stackoverflow.com/jobs/556146
Frontend Engineer at Bosch IoT Start-up,Azena (A Bosch IoT Start-Up),"Eindhoven, Netherlands",https://stackoverflow.com/jobs/522738
Software Developers for our offices in Germany and UK,Evotec SE,"Hamburg, Germany",https://stackoverflow.com/jobs/524299
BNPL with a Modern Tech Stack is Looking for a backend developer (Remote),ViaBill A/S,No office location,https://stackoverflow.com/jobs/371587
Software Developer - APIs,"JPMorgan Chase Bank, N.A.","Jersey City, NJ",https://stackoverflow.com/jobs/555690
"Full Stack Software Engineer, Business Integrity",ByteDance,Singapore,https://stackoverflow.com/jobs/553099
Python Developer (Remote),Finsera,No office location,https://stackoverflow.com/jobs/524065
Software Developer - Redis/Kafka/Elasticsearch/MongoDB,Worldline,"Mumbai, India",https://stackoverflow.com/jobs/536705
Software Architect (Django/Flask + React),Self Decode,No office location,https://stackoverflow.com/jobs/307459
"Senior Software Developer/Team Leader in Berlin, Hamburg or Göttingen",Evotec SE,"Berlin, Germany",https://stackoverflow.com/jobs/550234
Full-Stack Web Developer (m/w/d) Remote,asgoodasnew electronics GmbH,"Berlin, Deutschland",https://stackoverflow.com/jobs/529765
JavaScript UI Software Engineer,"JPMorgan Chase Bank, N.A.","Columbus, OH",https://stackoverflow.com/jobs/554291
Python Entwickler*in Remote (f/m/d),Ambient,"Köln, Deutschland",https://stackoverflow.com/jobs/493874
Software Developer Vue.js (m/f/d),shopware AG,"Schöppingen, Deutschland",https://stackoverflow.com/jobs/549078
JavaScript Developer for Video Surveillance System,IPConfigure,"Norfolk, VA",https://stackoverflow.com/jobs/529255
C#.Net Software Engineer - cxLoyalty  AWS a plus,"JPMorgan Chase Bank, N.A.","Plano, TX",https://stackoverflow.com/jobs/552849
Front-End Software Engineer,HENNGE K.K.,"Tokyo, Japan",https://stackoverflow.com/jobs/381280
"Frontend Software Engineer, Business Integrity",ByteDance,Singapore,https://stackoverflow.com/jobs/553035
Staff Software Engineer - Hypergrowth Biotech startup helping dogs!,Embark Veterinary Inc.,"Boston, MA",https://stackoverflow.com/jobs/510445
BNPL with a Modern Tech Stack is Looking for a backend developer (Remote),ViaBill A/S,No office location,https://stackoverflow.com/jobs/371587
Remote Software Architect,O'Reilly Auto Parts,No office location,https://stackoverflow.com/jobs/554580
Software Developer - APIs,"JPMorgan Chase Bank, N.A.","Jersey City, NJ",https://stackoverflow.com/jobs/555690
JavaScript UI Software Engineer,"JPMorgan Chase Bank, N.A.","Plano, TX",https://stackoverflow.com/jobs/552382
Senior Backend Engineer - Python,Cornershop,"São Paulo, Brazil",https://stackoverflow.com/jobs/515697
PHP Entwickler (Backend oder Full Stack)(m/w/d),WunschGutschein,"Düsseldorf, Deutschland",https://stackoverflow.com/jobs/365530
Software Engineering - Full-Stack / JavaScript / React /Node JS,"JPMorgan Chase Bank, N.A.","Jersey City, NJ",https://stackoverflow.com/jobs/553085
Full Stack Software Engineer - ESG - AM Research Technology,"JPMorgan Chase Bank, N.A.","London, UK",https://stackoverflow.com/jobs/554360
Software Engineer - Frontend / Fullstack (m/w/d),HolidayCheck Group AG,"Bottighofen, Switzerland",https://stackoverflow.com/jobs/297720
(Senior) Frontend Engineer (all genders) - Remote or Relocation,Goodgame Studios,"Hamburg, Deutschland",https://stackoverflow.com/jobs/553440
Senior Python/Django Full-stack Developer,Apicbase Belgium,No office location,https://stackoverflow.com/jobs/545356
Full-Stack Developer (m/f/d),AerQ GmbH,"Hamburg, Deutschland",https://stackoverflow.com/jobs/546686
